Sample,Site,T.salsa,H.wilberti,Textularia sp,T.irregularis,P.ipohalina,E.macrescens,T.inflata,S. lobata,M.fusca,A.agglutinans,A.exiguus,A.subcatenulatus,P.hyperhalina,H.germanica,A. beccarii,Total Counts,Elevation (m AHD),,,
LG19,Lutregala,0,0,0,0,0,0,0,0,0,0,0,0,0,0,0,0,1.002,,"0,0,0,0,85.7,100,77.8,44.4,75.4,68,51.9,56,0,49.2,3,39.5,10.4,0,2,0,0,0,10.6,0,0,0,0,0,0,0,0,0,0.4,0,0,0,0,0,0,0,0.7,0,0,0,0,0,0,0,0,0,0,0,100,0,5.2,75,0,12.5,0,0,0,0,0,0,1.4,0.4,0,0,0,0.4,0,0,0,0,0,0.4,0,0,0,0,0,0,0,0,0,0,1.7,0,0,0,0,0,0,0,0,0",
LG14,Lutregala,0,0,0,0,0,0,0,0,0,0,0,0,0,0,0,0,0.993,,"0,0,0,100,0,0,0,9.4,1.8,8.2,10.3,28.8,0,13.7,34.7,43.1,30,0,13.9,0,0,0,14.9,0,0.6,0,0.4,0,0,0,0,0,0,5.4,10.2,2.2,15.2,2.3,0,0,0.2,0,15.8,0.4,0,0.7,3.7,3.5,0,0,0,0,0,0,0,0,0,0,0,0,0,1.2,0,9.1,0,0,0,0,0,0,0,0,0,0,0,1.5,0,0,0,0,0,0,0,0,0,0,0,0,0,0,0,0,0,0,0,0",
LG20 ,Lutregala,0,0,0,0,0,0,0,0,0,0,0,0,0,0,0,0,0.963,,"0,0,0,0,0,0,0,0.4,0,0,0,0,0,0,0,0,0,0,0,0,0,0,0,0,0,0,0,0,0,0,0,0,0,0,0,0,0,0,0,0,0,0,0,0,0,0,0,0,0,0,0,0,0,0,0,0,0,0,0,0,0,0,0,0,0,0,0,0,0,0,0,0,0,0,0,0,0,0,0,0,0,0,0,0,0,0,0,0,0,0,0,0,0,0,0,0",
LG8 ,Lutregala,0,100,0,0,0,0,0,0,0,0,0,0,0,0,0,1,0.955,,"0,0,0,0,0,0,22.2,0,3.6,2.5,0,0.4,0,13,9.9,0,2.1,37.8,4.8,3.2,0,6.3,0,1.7,4.5,11.8,0,3.1,2.8,0,0,0.3,1.6,8.9,6.8,19.9,0.7,0,0,9.4,1.7,1.2,11.1,0.4,6.3,13.3,0.6,0,0,0,0,0,0,0,0,0,0,0,0,0,0,0,0,0,0,0,0,0,0,1.2,0,0,0,0,0,0,1.7,0,0,0,4.7,0,0,0,0,0,0,0,0,0,0,0,0,0,0,0",
LG26 (HOF),Lutregala,85.7,0,0,0,0,0,14.3,0,0,0,0,0,0,0,0,7,0.956,,"0,0,0,0,0,0,0,0,0,0,0,0,0,0,0,0,0,0,0,0,0,0,0,0,0,0,0,0,0,0,0,2.1,0,0,0,0,0,0,0,0,0,0,0,0,2,0.4,0,0,0,0,0,0,0,0,0,0,0,0,0,0,0,1.2,0,0,0,0,0,0,0,0,0,0,1.4,4.3,35.2,9.3,71,3.9,0,7.8,3.1,17,3.5,13,3.6,27.4,5.1,0,0,0,0,0,0,0.7,0,0",
LG24,Lutregala,100,0,0,0,0,0,0,0,0,0,0,0,0,0,0,14,0.937,,"0,0,0,0,0,0,0,5.4,17.4,7.4,13.4,6.6,45.5,11.5,4,6.4,4.4,61.1,10.7,71.4,59.2,12.5,61.7,12.9,24.8,58.8,18.9,19.7,26.5,9.4,66.7,18.5,2.8,12.5,11.9,0.5,2,0.6,0.7,63.9,65.6,28.6,3.5,56.6,19.6,3.2,3,0,6.7,12.5,0,0,0,0,5.8,0,0,87.5,100,100,0,6,0,10.9,54.9,12.7,0,0,0,19.2,100,11.8,21.4,21.7,23.1,1.5,9.1,46.1,10.8,19.6,20.3,19.9,85,71.3,29.1,43.8,30.5,9.5,0,0,0,0,0,0,0,0",
LG30,Lutregala,77.8,0,0,22.2,0,0,0,0,0,0,0,0,0,0,0,18,0.915,,"0,0,0,0,14.3,0,0,40.4,1.8,7.4,24.4,8.2,53,9.2,46.5,8.9,50,1.1,63.9,25.4,39.5,18.8,12.8,83.6,64.3,27.5,27.5,35.8,26.1,82.8,25.1,38.4,19.4,37.5,64.4,29,23.8,30.5,1.4,12,31.7,69.4,68.4,42.6,27.1,22.9,39.6,19.3,40,25,0,0,0,0,83.2,25,0,0,0,0,0,91.6,0,76.4,39.4,78,71.4,0,0,48.5,0,86.8,61.4,65.2,36.3,81.7,13.9,46.1,89.2,0,10.9,62.4,7.1,15.7,67.3,0,59.3,71.4,0.9,46.1,0,0,0,0.3,1.5,0.6",
LG120,Lutregala,44.4,9.4,0.4,0,0,5.4,40.4,0,0,0,0,0,0,0,0,223,0.869,,"0,0,0,0,0,0,0,0,0,0,0,0,0,0.2,1,0,0.4,0,0,0,0,0,0,0,0,0,0.8,0,0.9,0,2.9,0.3,0,0,0,0,0,0,0,0,0,0,0,0,1.2,0,0,1.8,0,0,0,0,0,0,2.3,0,0,0,0,0,0,0,0,3.6,0,5.5,14.3,0,0,0.4,0,0,0,0,5.5,4.1,0,0,0,0,0,0,0,0,0,0,0,0,0,0,0,0,0,0,0,0",
LG32,Lutregala,75.4,1.8,0,3.6,0,17.4,1.8,0,0,0,0,0,0,0,0,167,0.868,,"0,0,0,0,0,0,0,0,0,6.6,0,0,1.5,3.2,1,2.1,2.7,0,4.8,0,1.3,62.5,0,1.7,5.7,2,52.5,41.4,43.7,7.8,5.3,40.5,75.7,35.7,6.8,48.4,58.3,66.1,97.3,14.6,0,0.7,1.2,0,43.9,59.5,53,75.4,53.3,62.5,90,0,0,0,3.5,0,0,0,0,0,0,0,0,0,4.2,3.4,14.3,0,72.8,30.4,0,1.5,15.7,8.7,0,1.5,2.6,3.9,0,71.6,60.9,0.3,4.4,0,0,28.8,3.4,14.3,33.3,16.6,63.6,80,50,48.2,89.6,82",
LG7,Lutregala,68,8.2,0,2.5,0,7.4,7.4,0,6.6,0,0,0,0,0,0,122,0.867,,"0,0,0,0,0,0,0,0,0,0,0,0,0,0,0,0,0,0,0,0,0,0,0,0,0,0,0,0,0,0,0,0,0,0,0,0,0,0.6,0.7,0,0,0,0,0,0,0,0,0,0,0,0,0,0,0,0,0,0,0,0,0,0,0,0,0,0,0,0,0,1.2,0,0,0,0,0,0,0,0,0,0,1,0,0,0,0,0,0,0,4.8,7.1,1.8,2.9,0,1,5.6,0,0",
LG36,Lutregala,51.9,10.3,0,0,0,13.4,24.4,0,0,0,0,0,0,0,0,320,0.85,,"0,0,0,0,0,0,0,0,0,0,0,0,0,0,0,0,0,0,0,0,0,0,0,0,0,0,0,0,0,0,0,0,0,0,0,0,0,0,0,0,0,0,0,0,0,0,0,0,0,0,0,0,0,0,0,0,0,0,0,0,0,0,0,0,0,0,0,0,26,0,0,0,0,0,0,0,1.7,0,0,0,0,0,0,0,0,0,0,0,49.3,34,30.1,19.3,47.9,44.6,9,17.4",
LG38,Lutregala,56,28.8,0,0.4,0,6.6,8.2,0,0,0,0,0,0,0,0,257,0.836,,"0,0,0,0,0,0,0,0,0,0,0,0,0,0,0,0,0,0,0,0,0,0,0,0,0,0,0,0,0,0,0,0,0,0,0,0,0,0,0,0,0,0,0,0,0,0,0,0,0,0,0,0,0,0,0,0,0,0,0,0,0,0,0,0,0,0,0,0,0,0,0,0,0,0,0,0,0,0,0,0,0,0,0,0,0,0,0,0,0.4,0,0,0,0,0,0,0",
LG5,Lutregala,0,0,0,0,0,45.5,53,0,1.5,0,0,0,0,0,0,66,0.823,,"0,0,0,0,0,0,0,0,0,0,0,0,0,0,0,0,0,0,0,0,0,0,0,0,0,0,0,0,0,0,0,0,0,0,0,0,0,0,0,0,0,0,0,0,0,0,0,0,0,0,0,0,0,0,0,0,0,0,0,0,0,0,0,0,0,0,0,0,0,0,0,0,0,0,0,0,0,0,0,0,0,0,0,0,0,0,0,0,8.9,1.5,3.5,0.7,1,0.7,0,0",
LG60,Lutregala,49.2,13.7,0,13,0,11.5,9.2,0.2,3.2,0,0,0,0,0,0,524,0.823,,"0,0,0,0,0,0,0,0,0,0,0,0,0,0,0,0,0,0,0,0,0,0,0,0,0,0,0,0,0,0,0,0,0,0,0,0,0,0,0,0,0,0,0,0,0,0,0,0,0,0,0,0,0,0,0,0,0,0,0,0,0,0,0,0,0,0,0,0,0,0,0,0,0,0,0,0,0,0,0,0,0,0.3,0,0,0,0,0,0,0,0,0,0,0,0,0,0",
LG160,Lutregala,3,34.7,0,9.9,0,4,46.5,1,1,0,0,0,0,0,0,101,0.821,,"0,0,0,0,0,0,0,0,0,0,0,0,0,0,0,0,0,0,0,0,0,0,0,0,0,0,0,0,0,0,0,0,0,0,0,0,0,0,0,0,0,0,0,0,0,0,0,0,0,0,10,0,0,0,0,0,0,0,0,0,0,0,0,0,0,0,0,0,0,0,0,0,0,0,0,0,0,0,0,0,0,0,0,0,0,0,0,0,0,0,0,0,0,0,0,0",
LG48,Lutregala,39.5,43.1,0,0,0,6.4,8.9,0,2.1,0,0,0,0,0,0,281,0.81,,,
LG135,Lutregala,10.4,30,0,2.1,0,4.4,50,0.4,2.7,0,0,0,0,0,0,814,0.806,,,
LG170,Lutregala,0,0,0,37.8,0,61.1,1.1,0,0,0,0,0,0,0,0,90,0.798,,,
LG130,Lutregala,2,13.9,0,4.8,0,10.7,63.9,0,4.8,0,0,0,0,0,0,252,0.793,,,
LG185,Lutregala,0,0,0,3.2,0,71.4,25.4,0,0,0,0,0,0,0,0,63,0.772,,,
LG4,Lutregala,0,0,0,0,0,59.2,39.5,0,1.3,0,0,0,0,0,0,76,0.767,,,
LG215,Lutregala,0,0,0,6.3,0,12.5,18.8,0,62.5,0,0,0,0,0,0,16,0.761,,,
LG6,Lutregala,10.6,14.9,0,0,0,61.7,12.8,0,0,0,0,0,0,0,0,47,0.76,,,
LG1,Lutregala,0,0,0,1.7,0,12.9,83.6,0,1.7,0,0,0,0,0,0,116,0.751,,,
LG225,Lutregala,0,0.6,0,4.5,0,24.8,64.3,0,5.7,0,0,0,0,0,0,157,0.737,,,
LG230,Lutregala,0,0,0,11.8,0,58.8,27.5,0,2,0,0,0,0,0,0,102,0.726,,,
LG245,Lutregala,0,0.4,0,0,0,18.9,27.5,0.8,52.5,0,0,0,0,0,0,244,0.716,,,
LG240,Lutregala,0,0,0,3.1,0,19.7,35.8,0,41.4,0,0,0,0,0,0,452,0.696,,,
LG260,Lutregala,0,0,0,2.8,0,26.5,26.1,0.9,43.7,0,0,0,0,0,0,567,0.681,,,
LG3,Lutregala,0,0,0,0,0,9.4,82.8,0,7.8,0,0,0,0,0,0,64,0.681,,,
LG255,Lutregala,0,0,0,0,0,66.7,25.1,2.9,5.3,0,0,0,0,0,0,171,0.659,,,
LG275,Lutregala,0,0,0,0.3,2.1,18.5,38.4,0.3,40.5,0,0,0,0,0,0,383,0.636,,,
LG280,Lutregala,0.4,0,0,1.6,0,2.8,19.4,0,75.7,0,0,0,0,0,0,247,0.611,,,
LG285,Lutregala,0,5.4,0,8.9,0,12.5,37.5,0,35.7,0,0,0,0,0,0,56,0.598,,,
LG2,Lutregala,0,10.2,0,6.8,0,11.9,64.4,0,6.8,0,0,0,0,0,0,59,0.598,,,
LG290,Lutregala,0,2.2,0,19.9,0,0.5,29,0,48.4,0,0,0,0,0,0,186,0.581,,,
LG295,Lutregala,0,15.2,0,0.7,0,2,23.8,0,58.3,0,0,0,0,0,0,151,0.563,,,
LG315,Lutregala,0,2.3,0,0,0,0.6,30.5,0,66.1,0.6,0,0,0,0,0,174,0.217,,,
LG305,Lutregala,0,0,0,0,0,0.7,1.4,0,97.3,0.7,0,0,0,0,0,148,0.182,,,
ST-2LG0,Lutregala,0,0,0,9.4,0,63.9,12,0,14.6,0,0,0,0,0,0,233,0.786,,,
ST-2LG40,Lutregala,0.7,0.2,0,1.7,0,65.6,31.7,0,0,0,0,0,0,0,0,410,0.737,,,
ST-2LG60,Lutregala,0,0,0,1.2,0,28.6,69.4,0,0.7,0,0,0,0,0,0,412,0.69,,,
ST-2LG80,Lutregala,0,15.8,0,11.1,0,3.5,68.4,0,1.2,0,0,0,0,0,0,171,0.678,,,
ST-2LG100,Lutregala,0,0.4,0,0.4,0,56.6,42.6,0,0,0,0,0,0,0,0,272,0.634,,,
ST-2LG120,Lutregala,0,0,0,6.3,2,19.6,27.1,1.2,43.9,0,0,0,0,0,0,255,0.62,,,
ST-2LG140,Lutregala,0,0.7,0,13.3,0.4,3.2,22.9,0,59.5,0,0,0,0,0,0,279,0.608,,,
ST-2LG160,Lutregala,0,3.7,0,0.6,0,3,39.6,0,53,0,0,0,0,0,0,328,0.591,,,
ST-2LG190,Lutregala,0,3.5,0,0,0,0,19.3,1.8,75.4,0,0,0,0,0,0,57,0.583,,,
ST-2LG240,Lutregala,0,0,0,0,0,6.7,40,0,53.3,0,0,0,0,0,0,15,0.343,,,
ST-2LG235,Lutregala,0,0,0,0,0,12.5,25,0,62.5,0,0,0,0,0,0,8,0.316,,,
ST-2LG220,Lutregala,0,0,0,0,0,0,0,0,90,0,0,0,0,0,10,10,0.239,,,
WAP -10 ST-1 ,Wapengo,0,0,0,0,0,0,0,0,0,0,0,0,0,0,0,0,1.095,,,
WAP -5 ST-1 (HOF),Wapengo,100,0,0,0,0,0,0,0,0,0,0,0,0,0,0,12,1.072,,,
WAP -7.5 ST-1,Wapengo,0,0,0,0,0,0,0,0,0,0,0,0,0,0,0,0,1.043,,,
WAP 0 ST-2,Wapengo,5.2,0,0,0,0,5.8,83.2,2.3,3.5,0,0,0,0,0,0,173,1.017,,,
WAP 1 ST-1,Wapengo,75,0,0,0,0,0,25,0,0,0,0,0,0,0,0,4,1.014,,,
WAP 2 ST-1,Wapengo,0,0,0,0,0,0,0,0,0,0,0,0,0,0,0,0,0.998,,,
WAP 5 ST-1,Wapengo,12.5,0,0,0,0,87.5,0,0,0,0,0,0,0,0,0,16,0.989,,,
WAP 7 ST-1,Wapengo,0,0,0,0,0,100,0,0,0,0,0,0,0,0,0,3,0.975,,,
WAP 22 ST-1,Wapengo,0,0,0,0,0,100,0,0,0,0,0,0,0,0,0,17,0.958,,,
WAP 28 ST-1,Wapengo,0,0,0,0,0,0,0,0,0,0,0,0,0,0,0,0,0.938,,,
WAP 110 ST1,Wapengo,0,1.2,0,0,1.2,6,91.6,0,0,0,0,0,0,0,0,83,0.907,,,
WAP 35 ST-1 ,Wapengo,0,0,0,0,0,0,0,0,0,0,0,0,0,0,0,0,0.902,,,
WAP 120 ST-1,Wapengo,0,9.1,0,0,0,10.9,76.4,3.6,0,0,0,0,0,0,0,55,0.872,,,
WAP 60 ST-1,Wapengo,1.4,0,0,0,0,54.9,39.4,0,4.2,0,0,0,0,0,0,142,0.869,,,
WAP 10 ST-2,Wapengo,0.4,0,0,0,0,12.7,78,5.5,3.4,0,0,0,0,0,0,236,0.852,,,
WAP 15 ST-2,Wapengo,0,0,0,0,0,0,71.4,14.3,14.3,0,0,0,0,0,0,7,0.84,,,
WAP 20 ST-2,Wapengo,0,0,0,0,0,0,0,0,0,0,0,0,0,0,0,0,0.833,,,
WAP 122 ST-1,Wapengo,0,0,0,0,0,0,0,0,72.8,1.2,26,0,0,0,0,254,0.833,,,
WAP 5  ST-2,Wapengo,0.4,0,0,1.2,0,19.2,48.5,0.4,30.4,0,0,0,0,0,0,282,0.93,,,
WAP 30 ST-2 ,Wapengo,0,0,0,0,0,100,0,0,0,0,0,0,0,0,0,2,0.82,,,
WAP 25 ST-2,Wapengo,0,0,0,0,0,11.8,86.8,0,1.5,0,0,0,0,0,0,68,0.817,,,
WAP 125 ST1,Wapengo,0,0,0,0,1.4,21.4,61.4,0,15.7,0,0,0,0,0,0,70,0.804,,,
WAP 35 ST -2,Wapengo,0,0,0,0,4.3,21.7,65.2,0,8.7,0,0,0,0,0,0,23,0.779,,,
WAP 130 ST1,Wapengo,0,0,0,0,35.2,23.1,36.3,5.5,0,0,0,0,0,0,0,91,0.768,,,
WAP 135 ST-1,Wapengo,0.4,1.5,0,0,9.3,1.5,81.7,4.1,1.5,0,0,0,0,0,0,268,0.753,,,
WAP 140 ST-1,Wapengo,0,0,0,1.7,71,9.1,13.9,0,2.6,0,1.7,0,0,0,0,231,0.734,,,
WAP 144 ST-1,Wapengo,0,0,0,0,3.9,46.1,46.1,0,3.9,0,0,0,0,0,0,76,0.734,,,
WAP 40 ST-2,Wapengo,0,0,0,0,0,10.8,89.2,0,0,0,0,0,0,0,0,74,0.728,,,
WAP 45 ST-2,Wapengo,0,0,0,0,7.8,19.6,0,0,71.6,1,0,0,0,0,0,102,0.709,,,
WAP 150 ST-1 ,Wapengo,0,0,0,4.7,3.1,20.3,10.9,0,60.9,0,0,0,0,0,0,64,0.687,,,
WAP 50 ST-2,Wapengo,0,0,0,0,17,19.9,62.4,0,0.3,0,0,0,0,0.3,0,311,0.682,,,
WAP 55 ST-2,Wapengo,0,0,0,0,3.5,85,7.1,0,4.4,0,0,0,0,0,0,113,0.668,,,
WAP 60 ST-2,Wapengo,0,0,0,0,13,71.3,15.7,0,0,0,0,0,0,0,0,115,0.644,,,
WAP 155 ST-1,Wapengo,0,0,0,0,3.6,29.1,67.3,0,0,0,0,0,0,0,0,55,0.643,,,
WAP 159 ST1,Wapengo,0,0,0,0,27.4,43.8,0,0,28.8,0,0,0,0,0,0,73,0.631,,,
WAP 160 ST-1,Wapengo,1.7,0,0,0,5.1,30.5,59.3,0,3.4,0,0,0,0,0,0,59,0.596,,,
WAP 165 ST-1,Wapengo,0,0,0,0,0,9.5,71.4,0,14.3,4.8,0,0,0,0,0,21,0.578,,,
WAP 170 ST-1,Wapengo,0,0,0,0,0,0,0.9,0,33.3,7.1,49.3,0.4,8.9,0,0,225,0.561,,,
WAP 175 ST 1,Wapengo,0,0,0,0,0,0,46.1,0,16.6,1.8,34,0,1.5,0,0,453,0.556,,,
WAP 180 ST-1,Wapengo,0,0,0,0,0,0,0,0,63.6,2.9,30.1,0,3.5,0,0,173,0.544,,,
WAP 190 ST-1,Wapengo,0,0,0,0,0,0,0,0,80,0,19.3,0,0.7,0,0,140,0.468,,,
WAP 200 ST-1,Wapengo,0,0,0,0,0,0,0,0,50,1,47.9,0,1,0,0,96,0.456,,,
WAP 210 ST-1,Wapengo,0,0,0,0,0.7,0,0.3,0,48.2,5.6,44.6,0,0.7,0,0,303,0.447,,,
WAP 230 ST-1,Wapengo,0,0,0,0,0,0,1.5,0,89.6,0,9,0,0,0,0,67,0.421,,,
WAP 240 ST-1,Wapengo,0,0,0,0,0,0,0.6,0,82,0,17.4,0,0,0,0,328,0.384,,,
